{
  "citation": "",
  "description": "",
  "features": {
    "author": {
      "dtype": "string",
      "_type": "Value"
    },
    "title": {
      "dtype": "string",
      "_type": "Value"
    },
    "description": {
      "dtype": "string",
      "_type": "Value"
    },
    "likes": {
      "dtype": "int64",
      "_type": "Value"
    },
    "views": {
      "dtype": "int64",
      "_type": "Value"
    },
    "transcript": {
      "dtype": "string",
      "_type": "Value"
    },
    "date": {
      "dtype": "timestamp[ns]",
      "_type": "Value"
    },
    "tags": {
      "dtype": "string",
      "_type": "Value"
    },
    "text": {
      "dtype": "string",
      "_type": "Value"
    },
    "embeddings": {
      "feature": {
        "dtype": "float32",
        "_type": "Value"
      },
      "_type": "Sequence"
    }
  },
  "homepage": "",
  "license": ""
}